Goal Representation,Debug Result,Action,Add Info,LLM Answer,Plan
"['1. Wash all the vegetables.', '2. Put washed vegetables in a pot and boil them on the stove.', '3.
 Store the entire pot in the fridge.']",,,,,
" 
behavior wash_vegetables(vegetable:item):
    body:
        achieve clean(vegetable)
        # Ensure the vegetable is clean

behavior clean_all_vegetables():
    body:
        foreach vegetable: item:
            if is_food_vegetable(vegetable) and dirty(vegetable):
                wash_vegetables(vegetable)

behavior __goal__():
    body:
        clean_all_vegetables()
",,,,,['']
"['1. Wash all the vegetables.', '2. Put the washed vegetables in a pot.', '3. Boil the pot with vege
tables on the stove.', '4. Store the entire pot in the fridge.']",,,,,
" 
def is_vegetable_to_wash(o:item):
    # Function to check if an item is a vegetable and needs washing
    return is_food_vegetable(o) and dirty(o)

behavior wash_vegetable(vegetable:item, sink:item):
    body:
        achieve close_char(char, sink)
        achieve inside(vegetable, sink)
        if exists faucet: item: is_faucet(faucet) and close(faucet, sink):
            achieve_once is_on(faucet)
            wash(vegetable)
            achieve_once is_off(faucet)
        else:
            wash(vegetable)

behavior __goal__():
    body:
        bind sink: item where:
            is_sink(sink)
        foreach vegetable: item:
            if is_vegetable_to_wash(vegetable):
                wash_vegetable(vegetable, sink)
","Error trying to process rule ""behavior_definition"":

Unknown variable: faucet; available variables: [Variable<vegetable: item>, Variable<sink: item>].",,,,
"plaintext
def is_vegetable_to_wash(o:item):
    # Function to check if an item is a vegetable and needs washing
    return is_food_vegetable(o) and dirty(o)

behavior wash_vegetable(vegetable:item, sink:item):
    body:
        achieve close_char(char, sink)
        achieve inside(vegetable, sink)
        if exists faucet: item: is_faucet(faucet) and close(faucet, sink):
            achieve_once is_on(faucet)
            wash(vegetable)
            achieve_once is_off(faucet)
        else:
            wash(vegetable)

behavior __goal__():
    body:
        bind sink: item where:
            is_sink(sink)
        bind faucet: item where:
            is_faucet(faucet) and close(faucet, sink)
        foreach vegetable: item:
            if is_vegetable_to_wash(vegetable):
                wash_vegetable(vegetable, sink)
","Unexpected token Token('BASIC_TYPENAME', 'plaintext') at line 2743, column 1.
Expected one of: 
	* OBJECTS
	* TYPEDEF
	* _NEWLINE
	* DEF
	* FEATURE
	* GENERATOR
	* INIT
	* GOAL
	* DOMAIN
	* ACTION
	* IMPORT
	* BEHAVIOR
	* _PRAGMA_KEYWORD
	* CONTROLLER
	* $END
	* UNDIRECTED_GENERATOR
Previous tokens: [Token('_NEWLINE', '\n    \n\n#exp_behavior_end\n\n#behaviors_from_library\n\n#beha
viors_from_library_end\n\n#goal_representation\n')]
",,,,
" 
behavior wash_vegetable(vegetable:item, sink:item):
    body:
        achieve close_char(char, sink)
        achieve inside(vegetable, sink)
        if exists faucet: item: is_faucet(faucet) and close(faucet, sink):
            achieve_once is_on(faucet)
            wash(vegetable)
            achieve_once is_off(faucet)
        else:
            wash(vegetable)

behavior __goal__():
    body:
        bind sink: item where:
            is_sink(sink)
        foreach vegetable: item:
            if is_vegetable_to_wash(vegetable):
                wash_vegetable(vegetable, sink)
","Error trying to process rule ""behavior_definition"":

Unknown variable: faucet; available variables: [Variable<vegetable: item>, Variable<sink: item>].",,,,
" 
def is_vegetable(x: item):
    # Determine if the item is a vegetable
    return is_food_vegetable(x)

def is_cleanable_sink(sink: item):
    # Determine if a sink is usable for cleaning
    symbol cleanable=exists faucet: item : is_faucet(faucet) and close(faucet, sink)
    return cleanable

behavior wash_vegetable(vegetable: item, sink: item):
    body:
        achieve inside(vegetable, sink)
        if is_cleanable_sink(sink):
            bind faucet: item where:
                is_faucet(faucet) and close(faucet, sink)
            achieve_once is_on(faucet)
            wash(vegetable)
            achieve_once is_off(faucet)
        else:
            wash(vegetable)

behavior __goal__():
    body:
        bind sink: item where:
            is_sink(sink)
        foreach vegetable: item:
            if is_vegetable(vegetable) and dirty(vegetable):
                wash_vegetable(vegetable, sink)
",,,,,['']
"['1. Wash all the vegetables.', '2. Put the washed vegetables in a pot and boil them on the stove.',
 '3. Store the whole pot in the fridge.']",,,,,
" 
behavior __goal__():
    body:
        foreach vegetable: item:
            if is_food_vegetable(vegetable) and dirty(vegetable):
                wash(vegetable)
",,,,,['']
"['1. Wash all the vegetables.', '2. Put the vegetables in a pot and boil them on the stove.', '3. St
ore the whole pot in the fridge.']",,,,,
" 
def is_vegetable(obj: item):
    # Function to check if an item is a vegetable
    return is_food_vegetable(obj)

behavior wash_vegetable(obj: item, sink: item):
    body:
        achieve inside(obj, sink)
        # Ensure the vegetable is inside the sink
        if exists faucet: item : is_faucet(faucet) and close(faucet, sink):
            achieve_once is_on(faucet)
            # Turn on the faucet if it is available and close to the sink
            wash(obj)
            # Wash the vegetable
            achieve_once is_off(faucet)
            # Turn off the faucet after washing

behavior __goal__():
    body:
        bind sink: item where:
            is_sink(sink)
        # Select any sink available

        foreach vegetable: item:
            if is_vegetable(vegetable) and dirty(vegetable):
                wash_vegetable(vegetable, sink)
                # Wash all dirty vegetables
","Error trying to process rule ""behavior_definition"":

Unknown variable: faucet; available variables: [Variable<obj: item>, Variable<sink: item>].",,,,
" 
def is_vegetable(obj: item):
    # Function to check if an item is a vegetable
    return is_food_vegetable(obj)

behavior wash_vegetable(obj: item, sink: item, faucet: item):
    body:
        achieve inside(obj, sink)
        # Ensure the vegetable is inside the sink
        achieve close(faucet, sink)
        # Ensure the faucet is close to the sink
        achieve is_faucet(faucet)
        # Ensure it is a faucet
        achieve_once is_on(faucet)
        # Turn on the faucet if it is available and close to the sink
        wash(obj)
        # Wash the vegetable
        achieve_once is_off(faucet)
        # Turn off the faucet after washing

behavior __goal__():
    body:
        bind sink: item where:
            is_sink(sink)
        
        bind faucet: item where:
            is_faucet(faucet) and close(faucet, sink)
        # Select any sink with a faucet available and close

        foreach vegetable: item:
            if is_vegetable(vegetable) and dirty(vegetable):
                wash_vegetable(vegetable, sink, faucet)
                # Wash all dirty vegetables
",,,,,[]
,,,,"Put the vegetables in the sink, turn on the faucet close to the sink, wash the vegetables, turn off 
the faucet, and take out the vegetables.",
" 
behavior clean_vegetables(vegetables:item, sink:item):
    body:
        achieve_once inside(vegetables, sink)
        # Place vegetables inside the sink

        if exists faucet: item : is_faucet(faucet) and close(faucet, sink):
            bind faucet: item where:
                is_faucet(faucet) and close(faucet, sink)
            achieve_once is_on(faucet)
            # Turn on faucet if present to wash vegetables

        wash(vegetables) # Key step for washing vegetables

        if exists faucet: item : is_faucet(faucet) and close(faucet, sink):
            bind faucet: item where:
                is_faucet(faucet) and close(faucet, sink)
            achieve_once is_off(faucet)
            # Turn off faucet after washing

behavior __goal__():
    body:
        bind vegetables: item where:
            is_food_vegetable(vegetables)
        # Select the vegetables to be washed

        bind sink: item where:
            is_sink(sink)
        # Select a sink for washing

        clean_vegetables(vegetables, sink)
        # Perform the washing behavior
",,,,,[]
"['1. Wash all the vegetables.', '2. Put the washed vegetables in a pot and boil them on the stove.',
 '3. Store the whole pot in the fridge.']",,,,,
" 
behavior wash_all_vegetables():
    body:
        foreach vegetable: item:
            if is_food_vegetable(vegetable) and dirty(vegetable):
                wash_in_sink(vegetable)
                # Wash each dirty vegetable in the sink

behavior __goal__():
    body:
        wash_all_vegetables()
        # Invoke washing behavior for all vegetables
","Error trying to process rule ""behavior_definition"":

Number of arguments does not match the number of types: 1 vs 2. Args: (VariableExpression<V::vegetab
le>,), Types: (ObjectType<item>, ObjectType<item>)",,,,
" 
def has_faucet(sink:item):
    # Determine whether this pool has a faucet
    symbol has_faucet=exists faucet:item: is_faucet(faucet) and close(faucet,sink)
    return has_faucet

behavior wash_vegetable(vegetable:item, sink:item):
    body:
        achieve_once inside(vegetable, sink)
        if has_faucet(sink):
            bind faucet: item where:
                is_faucet(faucet) and close(faucet,sink)
            achieve_once is_on(faucet)
            wash(vegetable)
            achieve_once is_off(faucet)
        else:
            wash(vegetable)

behavior __goal__():
    body:
        bind vegetables: item where:
            is_food_vegetable(vegetables)
        bind sink: item where:
            is_sink(sink)
        wash_vegetable(vegetables, sink)
",,,,,"['walk_executor(fridge_289); switchoff_executor(fridge_289); open_executor(fridge_289); exp(food_veg
etable_2041, fridge_289); close_executor(fridge_289); walk_executor(food_vegetable_2041); grab_execu
tor(food_vegetable_2041); walk_executor(sink_42); putin_executor(food_vegetable_2041, sink_42); walk
_executor(food_vegetable_2041); wash_executor(food_vegetable_2041)']"
,,,,,"(CrowControllerApplier<walk_executor(fridge_289)>, CrowControllerApplier<switchoff_executor(fridge_2
89)>, CrowControllerApplier<open_executor(fridge_289)>, CrowControllerApplier<exp(food_vegetable_204
1, fridge_289)>, CrowControllerApplier<close_executor(fridge_289)>, CrowControllerApplier<walk_execu
tor(food_vegetable_2041)>, CrowControllerApplier<grab_executor(food_vegetable_2041)>, CrowController
Applier<walk_executor(sink_42)>, CrowControllerApplier<putin_executor(food_vegetable_2041, sink_42)>
, CrowControllerApplier<walk_executor(food_vegetable_2041)>, CrowControllerApplier<wash_executor(foo
d_vegetable_2041)>)"
,,walk_executor(fridge_289),"Find sauce_2078. Find food_steak_2008. Find food_apple_2009. Find food_bacon_2010. Find food_banana_
2011. Find food_bread_2012. Find food_cake_2013. Find food_carrot_2014. Find food_cereal_2015. Find 
food_cheese_2016. Find food_chicken_2017. Find food_dessert_2018. Find food_donut_2019. Find food_eg
g_2020. Find food_fish_2021. Find food_food_2022. Find food_fruit_2023. Find food_hamburger_2024. Fi
nd food_ice_cream_2025. Find food_jam_2026. Find food_kiwi_2027. Find food_lemon_2028. Find food_noo
dles_2029. Find food_oatmeal_2030. Find food_orange_2031. Find food_onion_2032. Find food_peanut_but
ter_2033. Find food_pizza_2034. Find food_potato_2035. Find food_rice_2036. Find food_salt_2037. Fin
d food_snack_2038. Find food_sugar_2039. Find food_turkey_2040. Find food_vegetable_2041. Find dry_p
asta_2042. Find milk_2043. Find drawing_240. Find drawing_239. Robot is inside dining_room_201. Robo
t is close sauce_2078. Robot is close fridge_289. Robot is close floor_202. Robot is close floor_203
. Robot is close food_steak_2008. Robot is close food_apple_2009. Robot is close food_bacon_2010. Ro
bot is close food_banana_2011. Robot is close food_bread_2012. Robot is close food_cake_2013. Robot 
is close food_carrot_2014. Robot is close food_cereal_2015. Robot is close food_cheese_2016. Robot i
s close food_chicken_2017. Robot is close food_dessert_2018. Robot is close food_donut_2019. Robot i
s close food_egg_2020. Robot is close food_fish_2021. Robot is close food_food_2022. Robot is close 
food_fruit_2023. Robot is close food_hamburger_2024. Robot is close food_ice_cream_2025. Robot is cl
ose food_jam_2026. Robot is close food_kiwi_2027. Robot is close food_lemon_2028. Robot is close foo
d_noodles_2029. Robot is close food_oatmeal_2030. Robot is close food_orange_2031. Robot is close fo
od_onion_2032. Robot is close food_peanut_butter_2033. Robot is close food_pizza_2034. Robot is clos
e food_potato_2035. Robot is close food_rice_2036. Robot is close food_salt_2037. Robot is close foo
d_snack_2038. Robot is close food_sugar_2039. Robot is close food_turkey_2040. Robot is close food_v
egetable_2041. Robot is close dry_pasta_2042. Robot is close milk_2043. Robot is no longer inside ba
throom_1.",,
,,switchoff_executor(fridge_289),"Robot is inside dining_room_201. Robot is close sauce_2078. Robot is close fridge_289. Robot is clos
e floor_202. Robot is close floor_203. Robot is close food_steak_2008. Robot is close food_apple_200
9. Robot is close food_bacon_2010. Robot is close food_banana_2011. Robot is close food_bread_2012. 
Robot is close food_cake_2013. Robot is close food_carrot_2014. Robot is close food_cereal_2015. Rob
ot is close food_cheese_2016. Robot is close food_chicken_2017. Robot is close food_dessert_2018. Ro
bot is close food_donut_2019. Robot is close food_egg_2020. Robot is close food_fish_2021. Robot is 
close food_food_2022. Robot is close food_fruit_2023. Robot is close food_hamburger_2024. Robot is c
lose food_ice_cream_2025. Robot is close food_jam_2026. Robot is close food_kiwi_2027. Robot is clos
e food_lemon_2028. Robot is close food_noodles_2029. Robot is close food_oatmeal_2030. Robot is clos
e food_orange_2031. Robot is close food_onion_2032. Robot is close food_peanut_butter_2033. Robot is
 close food_pizza_2034. Robot is close food_potato_2035. Robot is close food_rice_2036. Robot is clo
se food_salt_2037. Robot is close food_snack_2038. Robot is close food_sugar_2039. Robot is close fo
od_turkey_2040. Robot is close food_vegetable_2041. Robot is close dry_pasta_2042. Robot is close mi
lk_2043. ",,
,,open_executor(fridge_289),"Robot is inside dining_room_201. Robot is close sauce_2078. Robot is close fridge_289. Robot is clos
e floor_202. Robot is close floor_203. Robot is close food_steak_2008. Robot is close food_apple_200
9. Robot is close food_bacon_2010. Robot is close food_banana_2011. Robot is close food_bread_2012. 
Robot is close food_cake_2013. Robot is close food_carrot_2014. Robot is close food_cereal_2015. Rob
ot is close food_cheese_2016. Robot is close food_chicken_2017. Robot is close food_dessert_2018. Ro
bot is close food_donut_2019. Robot is close food_egg_2020. Robot is close food_fish_2021. Robot is 
close food_food_2022. Robot is close food_fruit_2023. Robot is close food_hamburger_2024. Robot is c
lose food_ice_cream_2025. Robot is close food_jam_2026. Robot is close food_kiwi_2027. Robot is clos
e food_lemon_2028. Robot is close food_noodles_2029. Robot is close food_oatmeal_2030. Robot is clos
e food_orange_2031. Robot is close food_onion_2032. Robot is close food_peanut_butter_2033. Robot is
 close food_pizza_2034. Robot is close food_potato_2035. Robot is close food_rice_2036. Robot is clo
se food_salt_2037. Robot is close food_snack_2038. Robot is close food_sugar_2039. Robot is close fo
od_turkey_2040. Robot is close food_vegetable_2041. Robot is close dry_pasta_2042. Robot is close mi
lk_2043. ",,
,,"exp(food_vegetable_2041, fridge_289)",Find food_vegetable_2041. ,,
,,close_executor(fridge_289),"Robot is inside dining_room_201. Robot is close sauce_2078. Robot is close fridge_289. Robot is clos
e floor_202. Robot is close floor_203. Robot is close food_steak_2008. Robot is close food_apple_200
9. Robot is close food_bacon_2010. Robot is close food_banana_2011. Robot is close food_bread_2012. 
Robot is close food_cake_2013. Robot is close food_carrot_2014. Robot is close food_cereal_2015. Rob
ot is close food_cheese_2016. Robot is close food_chicken_2017. Robot is close food_dessert_2018. Ro
bot is close food_donut_2019. Robot is close food_egg_2020. Robot is close food_fish_2021. Robot is 
close food_food_2022. Robot is close food_fruit_2023. Robot is close food_hamburger_2024. Robot is c
lose food_ice_cream_2025. Robot is close food_jam_2026. Robot is close food_kiwi_2027. Robot is clos
e food_lemon_2028. Robot is close food_noodles_2029. Robot is close food_oatmeal_2030. Robot is clos
e food_orange_2031. Robot is close food_onion_2032. Robot is close food_peanut_butter_2033. Robot is
 close food_pizza_2034. Robot is close food_potato_2035. Robot is close food_rice_2036. Robot is clo
se food_salt_2037. Robot is close food_snack_2038. Robot is close food_sugar_2039. Robot is close fo
od_turkey_2040. Robot is close food_vegetable_2041. Robot is close dry_pasta_2042. Robot is close mi
lk_2043. ",,
,,walk_executor(food_vegetable_2041),"Robot is inside dining_room_201. Robot is close fridge_289. Robot is close food_vegetable_2041. Robo
t is no longer close sauce_2078.Robot is no longer close floor_202.Robot is no longer close floor_20
3.Robot is no longer close food_steak_2008.Robot is no longer close food_apple_2009.Robot is no long
er close food_bacon_2010.Robot is no longer close food_banana_2011.Robot is no longer close food_bre
ad_2012.Robot is no longer close food_cake_2013.Robot is no longer close food_carrot_2014.Robot is n
o longer close food_cereal_2015.Robot is no longer close food_cheese_2016.Robot is no longer close f
ood_chicken_2017.Robot is no longer close food_dessert_2018.Robot is no longer close food_donut_2019
.Robot is no longer close food_egg_2020.Robot is no longer close food_fish_2021.Robot is no longer c
lose food_food_2022.Robot is no longer close food_fruit_2023.Robot is no longer close food_hamburger
_2024.Robot is no longer close food_ice_cream_2025.Robot is no longer close food_jam_2026.Robot is n
o longer close food_kiwi_2027.Robot is no longer close food_lemon_2028.Robot is no longer close food
_noodles_2029.Robot is no longer close food_oatmeal_2030.Robot is no longer close food_orange_2031.R
obot is no longer close food_onion_2032.Robot is no longer close food_peanut_butter_2033.Robot is no
 longer close food_pizza_2034.Robot is no longer close food_potato_2035.Robot is no longer close foo
d_rice_2036.Robot is no longer close food_salt_2037.Robot is no longer close food_snack_2038.Robot i
s no longer close food_sugar_2039.Robot is no longer close food_turkey_2040.Robot is no longer close
 dry_pasta_2042.Robot is no longer close milk_2043.",,
" 
def has_faucet(sink:item):
    # Determine whether this sink has a faucet
    symbol has_faucet=exists faucet: item : is_faucet(faucet) and close(faucet, sink)
    return has_faucet

behavior wash_vegetable_in_sink(vegetable:item, sink:item):
    body:
        achieve inside(vegetable, sink)
        # Ensure the vegetable is placed inside the sink

        if has_faucet(sink):
            bind faucet: item where:
                is_faucet(faucet) and close(faucet, sink)
            achieve_once is_on(faucet)
            # Turn on the faucet

        wash(vegetable)
        # Wash the vegetable

        if has_faucet(sink):
            bind faucet: item where:
                is_faucet(faucet) and close(faucet, sink)
            achieve_once is_off(faucet)
            # Turn off the faucet after washing

behavior __goal__():
    body:
        bind vegetable: item where:
            is_food_vegetable(vegetable)
        # Select a vegetable item

        bind sink: item where:
            is_sink(sink)
        # Select a sink

        wash_vegetable_in_sink(vegetable, sink)
        # Proceed to wash the selected vegetable in the sink
",,,,,"['open_executor(fridge_289); grab_executor(food_vegetable_2041); walk_executor(sink_42); putin_execu
tor(food_vegetable_2041, sink_42); walk_executor(food_vegetable_2041); wash_executor(food_vegetable_
2041)']"
,,,,,"(CrowControllerApplier<open_executor(fridge_289)>, CrowControllerApplier<grab_executor(food_vegetabl
e_2041)>, CrowControllerApplier<walk_executor(sink_42)>, CrowControllerApplier<putin_executor(food_v
egetable_2041, sink_42)>, CrowControllerApplier<walk_executor(food_vegetable_2041)>, CrowControllerA
pplier<wash_executor(food_vegetable_2041)>)"
,,open_executor(fridge_289),Robot is inside dining_room_201. Robot is close fridge_289. Robot is close food_vegetable_2041. ,,
,,grab_executor(food_vegetable_2041),"Robot is inside dining_room_201. Robot is close fridge_289. Robot is close food_vegetable_2041. Grab
bing food_vegetable_2041 by right hand. ",,
,,walk_executor(sink_42),"Find towel_rack_31. Find soap_2053. Find basket_for_clothes_2006. Find towel_rack_34. Find cleaning_
solution_2073. Find towel_rack_32. Robot is inside bathroom_1. Robot is close food_vegetable_2041. R
obot is close bathroom_counter_41. Robot is close sink_42. Robot is no longer inside dining_room_201
.Robot is no longer close fridge_289.",,
,,"putin_executor(food_vegetable_2041, sink_42)","Robot is inside bathroom_1. Robot is close food_vegetable_2041. Robot is close bathroom_counter_41. 
Robot is close sink_42. food_vegetable_2041 released by right hand. ",,
,,walk_executor(food_vegetable_2041),"Robot is inside dining_room_201. Robot is close food_vegetable_2041. Robot is close sink_42. Robot i
s no longer inside bathroom_1.Robot is no longer close bathroom_counter_41.",,
,,wash_executor(food_vegetable_2041),Robot is inside dining_room_201. Robot is close food_vegetable_2041. Robot is close sink_42. ,,
,,,,"- Sub-Task Completed: No
- Next Steps: You need to ensure that the faucet is turned on while washing the vegetables and turne
d off afterward, as the goal representation specifies this as part of washing the vegetables properl
y. Ensure that these actions are performed to complete the sub-task.",
,,,"Human Instruction: You need to ensure that the faucet is turned on while washing the vegetables and 
turned off afterward, as the goal representation specifies this as part of washing the vegetables pr
operly. Ensure that these actions are performed to complete the sub-task.

Human Guidance: Put the vegetables in the sink, turn on the faucet close to the sink, wash the veget
ables, turn off the faucet, and take out the vegetables.
Trial and Error: You can not grab_executor food_vegetable_2041
The actions you have taken:
Action 1: Walk to fridge_289. -> effect: Find sauce_2078. Find food_steak_2008. Find food_apple_2009
. Find food_bacon_2010. Find food_banana_2011. Find food_bread_2012. Find food_cake_2013. Find food_
carrot_2014. Find food_cereal_2015. Find food_cheese_2016. Find food_chicken_2017. Find food_dessert
_2018. Find food_donut_2019. Find food_egg_2020. Find food_fish_2021. Find food_food_2022. Find food
_fruit_2023. Find food_hamburger_2024. Find food_ice_cream_2025. Find food_jam_2026. Find food_kiwi_
2027. Find food_lemon_2028. Find food_noodles_2029. Find food_oatmeal_2030. Find food_orange_2031. F
ind food_onion_2032. Find food_peanut_butter_2033. Find food_pizza_2034. Find food_potato_2035. Find
 food_rice_2036. Find food_salt_2037. Find food_snack_2038. Find food_sugar_2039. Find food_turkey_2
040. Find food_vegetable_2041. Find dry_pasta_2042. Find milk_2043. Find drawing_240. Find drawing_2
39. Robot is inside dining_room_201. Robot is close sauce_2078. Robot is close fridge_289. Robot is 
close floor_202. Robot is close floor_203. Robot is close food_steak_2008. Robot is close food_apple
_2009. Robot is close food_bacon_2010. Robot is close food_banana_2011. Robot is close food_bread_20
12. Robot is close food_cake_2013. Robot is close food_carrot_2014. Robot is close food_cereal_2015.
 Robot is close food_cheese_2016. Robot is close food_chicken_2017. Robot is close food_dessert_2018
. Robot is close food_donut_2019. Robot is close food_egg_2020. Robot is close food_fish_2021. Robot
 is close food_food_2022. Robot is close food_fruit_2023. Robot is close food_hamburger_2024. Robot 
is close food_ice_cream_2025. Robot is close food_jam_2026. Robot is close food_kiwi_2027. Robot is 
close food_lemon_2028. Robot is close food_noodles_2029. Robot is close food_oatmeal_2030. Robot is 
close food_orange_2031. Robot is close food_onion_2032. Robot is close food_peanut_butter_2033. Robo
t is close food_pizza_2034. Robot is close food_potato_2035. Robot is close food_rice_2036. Robot is
 close food_salt_2037. Robot is close food_snack_2038. Robot is close food_sugar_2039. Robot is clos
e food_turkey_2040. Robot is close food_vegetable_2041. Robot is close dry_pasta_2042. Robot is clos
e milk_2043. Robot is no longer inside bathroom_1.
Action 2: Switch off fridge_289. -> effect: Robot is inside dining_room_201. Robot is close sauce_20
78. Robot is close fridge_289. Robot is close floor_202. Robot is close floor_203. Robot is close fo
od_steak_2008. Robot is close food_apple_2009. Robot is close food_bacon_2010. Robot is close food_b
anana_2011. Robot is close food_bread_2012. Robot is close food_cake_2013. Robot is close food_carro
t_2014. Robot is close food_cereal_2015. Robot is close food_cheese_2016. Robot is close food_chicke
n_2017. Robot is close food_dessert_2018. Robot is close food_donut_2019. Robot is close food_egg_20
20. Robot is close food_fish_2021. Robot is close food_food_2022. Robot is close food_fruit_2023. Ro
bot is close food_hamburger_2024. Robot is close food_ice_cream_2025. Robot is close food_jam_2026. 
Robot is close food_kiwi_2027. Robot is close food_lemon_2028. Robot is close food_noodles_2029. Rob
ot is close food_oatmeal_2030. Robot is close food_orange_2031. Robot is close food_onion_2032. Robo
t is close food_peanut_butter_2033. Robot is close food_pizza_2034. Robot is close food_potato_2035.
 Robot is close food_rice_2036. Robot is close food_salt_2037. Robot is close food_snack_2038. Robot
 is close food_sugar_2039. Robot is close food_turkey_2040. Robot is close food_vegetable_2041. Robo
t is close dry_pasta_2042. Robot is close milk_2043. 
Action 3: Open fridge_289. -> effect: Robot is inside dining_room_201. Robot is close sauce_2078. Ro
bot is close fridge_289. Robot is close floor_202. Robot is close floor_203. Robot is close food_ste
ak_2008. Robot is close food_apple_2009. Robot is close food_bacon_2010. Robot is close food_banana_
2011. Robot is close food_bread_2012. Robot is close food_cake_2013. Robot is close food_carrot_2014
. Robot is close food_cereal_2015. Robot is close food_cheese_2016. Robot is close food_chicken_2017
. Robot is close food_dessert_2018. Robot is close food_donut_2019. Robot is close food_egg_2020. Ro
bot is close food_fish_2021. Robot is close food_food_2022. Robot is close food_fruit_2023. Robot is
 close food_hamburger_2024. Robot is close food_ice_cream_2025. Robot is close food_jam_2026. Robot 
is close food_kiwi_2027. Robot is close food_lemon_2028. Robot is close food_noodles_2029. Robot is 
close food_oatmeal_2030. Robot is close food_orange_2031. Robot is close food_onion_2032. Robot is c
lose food_peanut_butter_2033. Robot is close food_pizza_2034. Robot is close food_potato_2035. Robot
 is close food_rice_2036. Robot is close food_salt_2037. Robot is close food_snack_2038. Robot is cl
ose food_sugar_2039. Robot is close food_turkey_2040. Robot is close food_vegetable_2041. Robot is c
lose dry_pasta_2042. Robot is close milk_2043. 
Action 4: look for food_vegetable_2041 around fridge_289. -> effect: Find food_vegetable_2041. 
Action 5: Close fridge_289. -> effect: Robot is inside dining_room_201. Robot is close sauce_2078. R
obot is close fridge_289. Robot is close floor_202. Robot is close floor_203. Robot is close food_st
eak_2008. Robot is close food_apple_2009. Robot is close food_bacon_2010. Robot is close food_banana
_2011. Robot is close food_bread_2012. Robot is close food_cake_2013. Robot is close food_carrot_201
4. Robot is close food_cereal_2015. Robot is close food_cheese_2016. Robot is close food_chicken_201
7. Robot is close food_dessert_2018. Robot is close food_donut_2019. Robot is close food_egg_2020. R
obot is close food_fish_2021. Robot is close food_food_2022. Robot is close food_fruit_2023. Robot i
s close food_hamburger_2024. Robot is close food_ice_cream_2025. Robot is close food_jam_2026. Robot
 is close food_kiwi_2027. Robot is close food_lemon_2028. Robot is close food_noodles_2029. Robot is
 close food_oatmeal_2030. Robot is close food_orange_2031. Robot is close food_onion_2032. Robot is 
close food_peanut_butter_2033. Robot is close food_pizza_2034. Robot is close food_potato_2035. Robo
t is close food_rice_2036. Robot is close food_salt_2037. Robot is close food_snack_2038. Robot is c
lose food_sugar_2039. Robot is close food_turkey_2040. Robot is close food_vegetable_2041. Robot is 
close dry_pasta_2042. Robot is close milk_2043. 
Action 6: Walk to food_vegetable_2041. -> effect: Robot is inside dining_room_201. Robot is close fr
idge_289. Robot is close food_vegetable_2041. Robot is no longer close sauce_2078.Robot is no longer
 close floor_202.Robot is no longer close floor_203.Robot is no longer close food_steak_2008.Robot i
s no longer close food_apple_2009.Robot is no longer close food_bacon_2010.Robot is no longer close 
food_banana_2011.Robot is no longer close food_bread_2012.Robot is no longer close food_cake_2013.Ro
bot is no longer close food_carrot_2014.Robot is no longer close food_cereal_2015.Robot is no longer
 close food_cheese_2016.Robot is no longer close food_chicken_2017.Robot is no longer close food_des
sert_2018.Robot is no longer close food_donut_2019.Robot is no longer close food_egg_2020.Robot is n
o longer close food_fish_2021.Robot is no longer close food_food_2022.Robot is no longer close food_
fruit_2023.Robot is no longer close food_hamburger_2024.Robot is no longer close food_ice_cream_2025
.Robot is no longer close food_jam_2026.Robot is no longer close food_kiwi_2027.Robot is no longer c
lose food_lemon_2028.Robot is no longer close food_noodles_2029.Robot is no longer close food_oatmea
l_2030.Robot is no longer close food_orange_2031.Robot is no longer close food_onion_2032.Robot is n
o longer close food_peanut_butter_2033.Robot is no longer close food_pizza_2034.Robot is no longer c
lose food_potato_2035.Robot is no longer close food_rice_2036.Robot is no longer close food_salt_203
7.Robot is no longer close food_snack_2038.Robot is no longer close food_sugar_2039.Robot is no long
er close food_turkey_2040.Robot is no longer close dry_pasta_2042.Robot is no longer close milk_2043
.
Action 7: Open fridge_289. -> effect: Robot is inside dining_room_201. Robot is close fridge_289. Ro
bot is close food_vegetable_2041. 
Action 8: Grab food_vegetable_2041. -> effect: Robot is inside dining_room_201. Robot is close fridg
e_289. Robot is close food_vegetable_2041. Grabbing food_vegetable_2041 by right hand. 
Action 9: Walk to sink_42. -> effect: Find towel_rack_31. Find soap_2053. Find basket_for_clothes_20
06. Find towel_rack_34. Find cleaning_solution_2073. Find towel_rack_32. Robot is inside bathroom_1.
 Robot is close food_vegetable_2041. Robot is close bathroom_counter_41. Robot is close sink_42. Rob
ot is no longer inside dining_room_201.Robot is no longer close fridge_289.
Action 10: Put food_vegetable_2041 into sink_42. -> effect: Robot is inside bathroom_1. Robot is clo
se food_vegetable_2041. Robot is close bathroom_counter_41. Robot is close sink_42. food_vegetable_2
041 released by right hand. 
Action 11: Walk to food_vegetable_2041. -> effect: Robot is inside dining_room_201. Robot is close f
ood_vegetable_2041. Robot is close sink_42. Robot is no longer inside bathroom_1.Robot is no longer 
close bathroom_counter_41.
Action 12: Wash food_vegetable_2041. -> effect: Robot is inside dining_room_201. Robot is close food
_vegetable_2041. Robot is close sink_42. 
",,
" 
def has_faucet(sink:item):
    # Determine whether this sink has a faucet
    symbol has_faucet=exists faucet:item: is_faucet(faucet) and close(faucet,sink)
    return has_faucet

behavior wash_food_vegetable(vegetable:item, sink:item):
    body:
        achieve inside(vegetable, sink)
        # Ensure the vegetable is inside the sink

        if has_faucet(sink):
            bind faucet: item where:
                is_faucet(faucet) and close(faucet, sink)
            achieve_once is_on(faucet)
            # If the sink has a faucet, turn it on to wash

        wash(vegetable)
        # Wash the vegetable as part of the task

        if has_faucet(sink):
            bind faucet: item where:
                is_faucet(faucet) and close(faucet, sink)
            achieve_once is_off(faucet)
            # If the sink has a faucet, turn it off after washing

behavior __goal__():
    body:
        bind vegetable: item where:
            is_food_vegetable(vegetable) and dirty(vegetable)
        bind sink: item where:
            is_sink(sink)
        # Choose a dirty vegetable and a sink

        wash_food_vegetable(vegetable, sink)
        # Wash the selected vegetable in the sink
",,,,,[]
"['1. Wash all the vegetables.', '2. Put the washed vegetables in a pot and boil them on the stove.',
 '3. Store the pot in the fridge.']",,,,,
" 
def close_to_sink_with_faucet(food:item):
    # Determine if the character is close to the sink with a faucet for washing
    symbol has_closeness=exists sink:item : is_sink(sink) and is_faucet(sink) and inside_char(char, 
sink)
    return has_closeness

def has_vegetable(sink:item):
    # Determine if there are vegetables inside the sink
    symbol has_veg=exists o:item : is_food_vegetable(o) and inside(o, sink)
    return has_veg

behavior wash_vegetable_with_faucet(food:item, sink:item):
    body:
        achieve close_char(char, sink)
        if has_vegetable(sink):
            achieve_once is_on(sink)
            wash(food)
            achieve_once is_off(sink)

behavior __goal__():
    body:
        bind food: item where:
            is_food_vegetable(food)
        wash_vegetable_with_faucet(food)
        retrieve_from_sink(food)

","Error trying to process rule ""behavior_definition"":

Number of arguments does not match the number of types: 1 vs 2. Args: (VariableExpression<V::food>,)
, Types: (ObjectType<item>, ObjectType<item>)",,,,
" 
behavior wash_vegetables(vegetables: item, faucet: item, sink: item):
    body:
        achieve inside(vegetables, sink)
        if is_faucet(faucet) and close(faucet, sink):
            achieve_once is_on(faucet)
            wash(vegetables)
            achieve_once is_off(faucet)
        else:
            wash(vegetables)

behavior __goal__():
    body:
        bind vegetables: item where:
            is_food_vegetable(vegetables)
        bind sink: item where:
            is_sink(sink)
        bind faucet: item where:
            is_faucet(faucet) and close(faucet, sink)
        wash_vegetables(vegetables, faucet, sink)
",,,,,"['grab_executor(food_vegetable_2041); putin_executor(food_vegetable_2041, sink_42); walk_executor(fa
ucet_43); switchon_executor(faucet_43); walk_executor(food_vegetable_2041); wash_executor(food_veget
able_2041); walk_executor(faucet_43); switchoff_executor(faucet_43)']"
,,,,,"(CrowControllerApplier<grab_executor(food_vegetable_2041)>, CrowControllerApplier<putin_executor(foo
d_vegetable_2041, sink_42)>, CrowControllerApplier<walk_executor(faucet_43)>, CrowControllerApplier<
switchon_executor(faucet_43)>, CrowControllerApplier<walk_executor(food_vegetable_2041)>, CrowContro
llerApplier<wash_executor(food_vegetable_2041)>, CrowControllerApplier<walk_executor(faucet_43)>, Cr
owControllerApplier<switchoff_executor(faucet_43)>)"
,,grab_executor(food_vegetable_2041),"Robot is inside dining_room_201. Robot is close food_vegetable_2041. Robot is close sink_42. Grabbin
g food_vegetable_2041 by right hand. ",,
,,"putin_executor(food_vegetable_2041, sink_42)","Robot is inside dining_room_201. Robot is close food_vegetable_2041. Robot is close sink_42. food_ve
getable_2041 released by right hand. ",,
,,walk_executor(faucet_43),"Robot is inside bathroom_1. Robot is close bathroom_counter_41. Robot is close faucet_43. Robot is n
o longer inside dining_room_201.Robot is no longer close food_vegetable_2041.Robot is no longer clos
e sink_42.",,
,,switchon_executor(faucet_43),Robot is inside bathroom_1. Robot is close bathroom_counter_41. Robot is close faucet_43. ,,
,,walk_executor(food_vegetable_2041),"Robot is inside dining_room_201. Robot is close food_vegetable_2041. Robot is close sink_42. Robot i
s no longer inside bathroom_1.Robot is no longer close bathroom_counter_41.Robot is no longer close 
faucet_43.",,
,,wash_executor(food_vegetable_2041),Robot is inside dining_room_201. Robot is close food_vegetable_2041. Robot is close sink_42. ,,
,,walk_executor(faucet_43),"Robot is inside bathroom_1. Robot is close bathroom_counter_41. Robot is close faucet_43. Robot is n
o longer inside dining_room_201.Robot is no longer close food_vegetable_2041.Robot is no longer clos
e sink_42.",,
,,switchoff_executor(faucet_43),Robot is inside bathroom_1. Robot is close bathroom_counter_41. Robot is close faucet_43. ,,
,,,,"- Sub-Task Completed: No
- Next Steps: You did not ensure the vegetables were washed with the faucet on initially. Go back, p
ut the vegetables back in the sink, switch the faucet on properly while washing them, and then switc
h off the faucet afterward. Ensure the vegetables are washed under running water.",
,,,"Human Instruction: You did not ensure the vegetables were washed with the faucet on initially. Go ba
ck, put the vegetables back in the sink, switch the faucet on properly while washing them, and then 
switch off the faucet afterward. Ensure the vegetables are washed under running water.

Human Guidance: Put the vegetables in the sink, turn on the faucet close to the sink, wash the veget
ables, turn off the faucet, and take out the vegetables.
Trial and Error: You can not grab_executor food_vegetable_2041
The actions you have taken:
Action 1: Walk to fridge_289. -> effect: Find sauce_2078. Find food_steak_2008. Find food_apple_2009
. Find food_bacon_2010. Find food_banana_2011. Find food_bread_2012. Find food_cake_2013. Find food_
carrot_2014. Find food_cereal_2015. Find food_cheese_2016. Find food_chicken_2017. Find food_dessert
_2018. Find food_donut_2019. Find food_egg_2020. Find food_fish_2021. Find food_food_2022. Find food
_fruit_2023. Find food_hamburger_2024. Find food_ice_cream_2025. Find food_jam_2026. Find food_kiwi_
2027. Find food_lemon_2028. Find food_noodles_2029. Find food_oatmeal_2030. Find food_orange_2031. F
ind food_onion_2032. Find food_peanut_butter_2033. Find food_pizza_2034. Find food_potato_2035. Find
 food_rice_2036. Find food_salt_2037. Find food_snack_2038. Find food_sugar_2039. Find food_turkey_2
040. Find food_vegetable_2041. Find dry_pasta_2042. Find milk_2043. Find drawing_240. Find drawing_2
39. Robot is inside dining_room_201. Robot is close sauce_2078. Robot is close fridge_289. Robot is 
close floor_202. Robot is close floor_203. Robot is close food_steak_2008. Robot is close food_apple
_2009. Robot is close food_bacon_2010. Robot is close food_banana_2011. Robot is close food_bread_20
12. Robot is close food_cake_2013. Robot is close food_carrot_2014. Robot is close food_cereal_2015.
 Robot is close food_cheese_2016. Robot is close food_chicken_2017. Robot is close food_dessert_2018
. Robot is close food_donut_2019. Robot is close food_egg_2020. Robot is close food_fish_2021. Robot
 is close food_food_2022. Robot is close food_fruit_2023. Robot is close food_hamburger_2024. Robot 
is close food_ice_cream_2025. Robot is close food_jam_2026. Robot is close food_kiwi_2027. Robot is 
close food_lemon_2028. Robot is close food_noodles_2029. Robot is close food_oatmeal_2030. Robot is 
close food_orange_2031. Robot is close food_onion_2032. Robot is close food_peanut_butter_2033. Robo
t is close food_pizza_2034. Robot is close food_potato_2035. Robot is close food_rice_2036. Robot is
 close food_salt_2037. Robot is close food_snack_2038. Robot is close food_sugar_2039. Robot is clos
e food_turkey_2040. Robot is close food_vegetable_2041. Robot is close dry_pasta_2042. Robot is clos
e milk_2043. Robot is no longer inside bathroom_1.
Action 2: Switch off fridge_289. -> effect: Robot is inside dining_room_201. Robot is close sauce_20
78. Robot is close fridge_289. Robot is close floor_202. Robot is close floor_203. Robot is close fo
od_steak_2008. Robot is close food_apple_2009. Robot is close food_bacon_2010. Robot is close food_b
anana_2011. Robot is close food_bread_2012. Robot is close food_cake_2013. Robot is close food_carro
t_2014. Robot is close food_cereal_2015. Robot is close food_cheese_2016. Robot is close food_chicke
n_2017. Robot is close food_dessert_2018. Robot is close food_donut_2019. Robot is close food_egg_20
20. Robot is close food_fish_2021. Robot is close food_food_2022. Robot is close food_fruit_2023. Ro
bot is close food_hamburger_2024. Robot is close food_ice_cream_2025. Robot is close food_jam_2026. 
Robot is close food_kiwi_2027. Robot is close food_lemon_2028. Robot is close food_noodles_2029. Rob
ot is close food_oatmeal_2030. Robot is close food_orange_2031. Robot is close food_onion_2032. Robo
t is close food_peanut_butter_2033. Robot is close food_pizza_2034. Robot is close food_potato_2035.
 Robot is close food_rice_2036. Robot is close food_salt_2037. Robot is close food_snack_2038. Robot
 is close food_sugar_2039. Robot is close food_turkey_2040. Robot is close food_vegetable_2041. Robo
t is close dry_pasta_2042. Robot is close milk_2043. 
Action 3: Open fridge_289. -> effect: Robot is inside dining_room_201. Robot is close sauce_2078. Ro
bot is close fridge_289. Robot is close floor_202. Robot is close floor_203. Robot is close food_ste
ak_2008. Robot is close food_apple_2009. Robot is close food_bacon_2010. Robot is close food_banana_
2011. Robot is close food_bread_2012. Robot is close food_cake_2013. Robot is close food_carrot_2014
. Robot is close food_cereal_2015. Robot is close food_cheese_2016. Robot is close food_chicken_2017
. Robot is close food_dessert_2018. Robot is close food_donut_2019. Robot is close food_egg_2020. Ro
bot is close food_fish_2021. Robot is close food_food_2022. Robot is close food_fruit_2023. Robot is
 close food_hamburger_2024. Robot is close food_ice_cream_2025. Robot is close food_jam_2026. Robot 
is close food_kiwi_2027. Robot is close food_lemon_2028. Robot is close food_noodles_2029. Robot is 
close food_oatmeal_2030. Robot is close food_orange_2031. Robot is close food_onion_2032. Robot is c
lose food_peanut_butter_2033. Robot is close food_pizza_2034. Robot is close food_potato_2035. Robot
 is close food_rice_2036. Robot is close food_salt_2037. Robot is close food_snack_2038. Robot is cl
ose food_sugar_2039. Robot is close food_turkey_2040. Robot is close food_vegetable_2041. Robot is c
lose dry_pasta_2042. Robot is close milk_2043. 
Action 4: look for food_vegetable_2041 around fridge_289. -> effect: Find food_vegetable_2041. 
Action 5: Close fridge_289. -> effect: Robot is inside dining_room_201. Robot is close sauce_2078. R
obot is close fridge_289. Robot is close floor_202. Robot is close floor_203. Robot is close food_st
eak_2008. Robot is close food_apple_2009. Robot is close food_bacon_2010. Robot is close food_banana
_2011. Robot is close food_bread_2012. Robot is close food_cake_2013. Robot is close food_carrot_201
4. Robot is close food_cereal_2015. Robot is close food_cheese_2016. Robot is close food_chicken_201
7. Robot is close food_dessert_2018. Robot is close food_donut_2019. Robot is close food_egg_2020. R
obot is close food_fish_2021. Robot is close food_food_2022. Robot is close food_fruit_2023. Robot i
s close food_hamburger_2024. Robot is close food_ice_cream_2025. Robot is close food_jam_2026. Robot
 is close food_kiwi_2027. Robot is close food_lemon_2028. Robot is close food_noodles_2029. Robot is
 close food_oatmeal_2030. Robot is close food_orange_2031. Robot is close food_onion_2032. Robot is 
close food_peanut_butter_2033. Robot is close food_pizza_2034. Robot is close food_potato_2035. Robo
t is close food_rice_2036. Robot is close food_salt_2037. Robot is close food_snack_2038. Robot is c
lose food_sugar_2039. Robot is close food_turkey_2040. Robot is close food_vegetable_2041. Robot is 
close dry_pasta_2042. Robot is close milk_2043. 
Action 6: Walk to food_vegetable_2041. -> effect: Robot is inside dining_room_201. Robot is close fr
idge_289. Robot is close food_vegetable_2041. Robot is no longer close sauce_2078.Robot is no longer
 close floor_202.Robot is no longer close floor_203.Robot is no longer close food_steak_2008.Robot i
s no longer close food_apple_2009.Robot is no longer close food_bacon_2010.Robot is no longer close 
food_banana_2011.Robot is no longer close food_bread_2012.Robot is no longer close food_cake_2013.Ro
bot is no longer close food_carrot_2014.Robot is no longer close food_cereal_2015.Robot is no longer
 close food_cheese_2016.Robot is no longer close food_chicken_2017.Robot is no longer close food_des
sert_2018.Robot is no longer close food_donut_2019.Robot is no longer close food_egg_2020.Robot is n
o longer close food_fish_2021.Robot is no longer close food_food_2022.Robot is no longer close food_
fruit_2023.Robot is no longer close food_hamburger_2024.Robot is no longer close food_ice_cream_2025
.Robot is no longer close food_jam_2026.Robot is no longer close food_kiwi_2027.Robot is no longer c
lose food_lemon_2028.Robot is no longer close food_noodles_2029.Robot is no longer close food_oatmea
l_2030.Robot is no longer close food_orange_2031.Robot is no longer close food_onion_2032.Robot is n
o longer close food_peanut_butter_2033.Robot is no longer close food_pizza_2034.Robot is no longer c
lose food_potato_2035.Robot is no longer close food_rice_2036.Robot is no longer close food_salt_203
7.Robot is no longer close food_snack_2038.Robot is no longer close food_sugar_2039.Robot is no long
er close food_turkey_2040.Robot is no longer close dry_pasta_2042.Robot is no longer close milk_2043
.
Action 7: Open fridge_289. -> effect: Robot is inside dining_room_201. Robot is close fridge_289. Ro
bot is close food_vegetable_2041. 
Action 8: Grab food_vegetable_2041. -> effect: Robot is inside dining_room_201. Robot is close fridg
e_289. Robot is close food_vegetable_2041. Grabbing food_vegetable_2041 by right hand. 
Action 9: Walk to sink_42. -> effect: Find towel_rack_31. Find soap_2053. Find basket_for_clothes_20
06. Find towel_rack_34. Find cleaning_solution_2073. Find towel_rack_32. Robot is inside bathroom_1.
 Robot is close food_vegetable_2041. Robot is close bathroom_counter_41. Robot is close sink_42. Rob
ot is no longer inside dining_room_201.Robot is no longer close fridge_289.
Action 10: Put food_vegetable_2041 into sink_42. -> effect: Robot is inside bathroom_1. Robot is clo
se food_vegetable_2041. Robot is close bathroom_counter_41. Robot is close sink_42. food_vegetable_2
041 released by right hand. 
Action 11: Walk to food_vegetable_2041. -> effect: Robot is inside dining_room_201. Robot is close f
ood_vegetable_2041. Robot is close sink_42. Robot is no longer inside bathroom_1.Robot is no longer 
close bathroom_counter_41.
Action 12: Wash food_vegetable_2041. -> effect: Robot is inside dining_room_201. Robot is close food
_vegetable_2041. Robot is close sink_42. 
Action 13: Grab food_vegetable_2041. -> effect: Robot is inside dining_room_201. Robot is close food
_vegetable_2041. Robot is close sink_42. Grabbing food_vegetable_2041 by right hand. 
Action 14: Put food_vegetable_2041 into sink_42. -> effect: Robot is inside dining_room_201. Robot i
s close food_vegetable_2041. Robot is close sink_42. food_vegetable_2041 released by right hand. 
Action 15: Walk to faucet_43. -> effect: Robot is inside bathroom_1. Robot is close bathroom_counter
_41. Robot is close faucet_43. Robot is no longer inside dining_room_201.Robot is no longer close fo
od_vegetable_2041.Robot is no longer close sink_42.
Action 16: Switch on faucet_43. -> effect: Robot is inside bathroom_1. Robot is close bathroom_count
er_41. Robot is close faucet_43. 
Action 17: Walk to food_vegetable_2041. -> effect: Robot is inside dining_room_201. Robot is close f
ood_vegetable_2041. Robot is close sink_42. Robot is no longer inside bathroom_1.Robot is no longer 
close bathroom_counter_41.Robot is no longer close faucet_43.
Action 18: Wash food_vegetable_2041. -> effect: Robot is inside dining_room_201. Robot is close food
_vegetable_2041. Robot is close sink_42. 
Action 19: Walk to faucet_43. -> effect: Robot is inside bathroom_1. Robot is close bathroom_counter
_41. Robot is close faucet_43. Robot is no longer inside dining_room_201.Robot is no longer close fo
od_vegetable_2041.Robot is no longer close sink_42.
Action 20: Switch off faucet_43. -> effect: Robot is inside bathroom_1. Robot is close bathroom_coun
ter_41. Robot is close faucet_43. 
",,
" 
behavior turn_on_faucet_and_rinse(vegetable:item, faucet:item):
    body:
        achieve_once is_on(faucet)
        rinse(vegetable)
        achieve_once is_off(faucet)

behavior __goal__():
    body:
        bind vegetable: item where:
            is_food_vegetable(vegetable)
        # Bind the food item classified as vegetable

        bind sink: item where:
            is_sink(sink)
        # Bind the item classified as sink

        assert inside(vegetable, sink) 
        # Confirm that the vegetable is inside the sink

        if exists faucet: item : is_faucet(faucet) and close(faucet, sink):
            # Ensure the sink has a faucet and position is correct
            bind faucet: item where:
                is_faucet(faucet) and close(faucet, sink)
            turn_on_faucet_and_rinse(vegetable, faucet)
",,,,,[]
"['1. Wash all the vegetables.', '2. Put the washed vegetables in a pot and boil them on the stove.',
 '3. Store the whole pot in the fridge.']",,,,,
" 
behavior ensure_faucet_is_on(faucet:item):
    body:
        achieve is_on(faucet)

behavior rinse_vegetables(vegetable:item, sink:item):
    body:
        achieve has_water(vegetable)

behavior ensure_faucet_is_off(faucet:item):
    body:
        achieve is_off(faucet)

behavior __goal__():
    body:
        bind vegetable: item where:
            is_food_vegetable(vegetable)
        # Bind to a vegetable in the category is_food_vegetable
        
        bind sink: item where:
            is_sink(sink)
        # Bind to any sink

        assert clean(sink)
        # Ensure the sink is clean

        if exists faucet: item : is_faucet(faucet) and close(faucet, sink):
            bind faucet: item where:
                is_faucet(faucet) and close(faucet, sink)
            # Bind to the faucet close to the sink
            
            ensure_faucet_is_on(faucet) # Turn the faucet on
            achieve inside(vegetable, sink) # Place the vegetable in the sink
            rinse_vegetables(vegetable, sink) # Rinse the vegetables
            ensure_faucet_is_off(faucet) # Turn the faucet off
",,,,,[]
20,walk_executor(fridge_289),,,,
20,switchoff_executor(fridge_289),,,,
20,open_executor(fridge_289),,,,
20,close_executor(fridge_289),,,,
20,walk_executor(food_vegetable_2041),,,,
20,grab_executor(food_vegetable_2041) (Failed),,,,
20,open_executor(fridge_289),,,,
20,grab_executor(food_vegetable_2041),,,,
20,walk_executor(sink_42),,,,
20,"putin_executor(food_vegetable_2041, sink_42)",,,,
20,walk_executor(food_vegetable_2041),,,,
20,wash_executor(food_vegetable_2041),,,,
20,grab_executor(food_vegetable_2041),,,,
20,"putin_executor(food_vegetable_2041, sink_42)",,,,
20,walk_executor(faucet_43),,,,
20,switchon_executor(faucet_43),,,,
20,walk_executor(food_vegetable_2041),,,,
20,wash_executor(food_vegetable_2041),,,,
20,walk_executor(faucet_43),,,,
20,switchoff_executor(faucet_43),,,,
